{
    "loss": 0.4057350754737854,
    "accuracy": 0.8706896305084229
}